"StichtagDatJahr","KreisSort","KreisCd","KreisLang","SteuerTarifSort","SteuerTarifCd","SteuerTarifLang","SteuerEinkommen_p50","SteuerEinkommen_p25","SteuerEinkommen_p75"
1999,1,"1","Kreis 1",0,"00","Grundtarif",38.1,17.4,65.5
1999,1,"1","Kreis 1",1,"01","Verheiratetentarif",83.5,52,131.7
1999,1,"1","Kreis 1",2,"02","Einelternfamilientarif",48.6,26.65,87.35
1999,2,"2","Kreis 2",0,"00","Grundtarif",38,20,58.4
1999,2,"2","Kreis 2",1,"01","Verheiratetentarif",69.8,49.1,101.5
1999,2,"2","Kreis 2",2,"02","Einelternfamilientarif",39.2,22,58.9
1999,3,"3","Kreis 3",0,"00","Grundtarif",32.9,17.7,50
1999,3,"3","Kreis 3",1,"01","Verheiratetentarif",59,40.4,80
1999,3,"3","Kreis 3",2,"02","Einelternfamilientarif",33.1,18.1,46.1
1999,4,"4","Kreis 4",0,"00","Grundtarif",29.1,14.8,46.3
1999,4,"4","Kreis 4",1,"01","Verheiratetentarif",51.6,34.9,70.8
1999,4,"4","Kreis 4",2,"02","Einelternfamilientarif",30.1,14.3,45
1999,5,"5","Kreis 5",0,"00","Grundtarif",32.8,16.3,50
1999,5,"5","Kreis 5",1,"01","Verheiratetentarif",54,37.1,74
1999,5,"5","Kreis 5",2,"02","Einelternfamilientarif",30.35,16.9,47
1999,6,"6","Kreis 6",0,"00","Grundtarif",38.1,19.5,59.6
1999,6,"6","Kreis 6",1,"01","Verheiratetentarif",70.1,48.5,104.2
1999,6,"6","Kreis 6",2,"02","Einelternfamilientarif",38.1,22,60.4
1999,7,"7","Kreis 7",0,"00","Grundtarif",41.8,18.4,66.3
1999,7,"7","Kreis 7",1,"01","Verheiratetentarif",91,58.4,149.5
1999,7,"7","Kreis 7",2,"02","Einelternfamilientarif",45.7,26.1,73.4
1999,8,"8","Kreis 8",0,"00","Grundtarif",40.9,20.1,63.1
1999,8,"8","Kreis 8",1,"01","Verheiratetentarif",78,51.2,121.4
1999,8,"8","Kreis 8",2,"02","Einelternfamilientarif",41.5,24.6,61.5
1999,9,"9","Kreis 9",0,"00","Grundtarif",34,19,50
1999,9,"9","Kreis 9",1,"01","Verheiratetentarif",59.1,44,80.5
1999,9,"9","Kreis 9",2,"02","Einelternfamilientarif",34.1,18.3,47.1
1999,10,"10","Kreis 10",0,"00","Grundtarif",38.5,20,57.4
1999,10,"10","Kreis 10",1,"01","Verheiratetentarif",69,49.6,98.6
1999,10,"10","Kreis 10",2,"02","Einelternfamilientarif",37.8,20.9,54.5
1999,11,"11","Kreis 11",0,"00","Grundtarif",33.8,18.4,50
1999,11,"11","Kreis 11",1,"01","Verheiratetentarif",60,42.3,81.9
1999,11,"11","Kreis 11",2,"02","Einelternfamilientarif",34,19.9,49.2
1999,12,"12","Kreis 12",0,"00","Grundtarif",28.4,15.7,43.1
1999,12,"12","Kreis 12",1,"01","Verheiratetentarif",55.05,40,72.1
1999,12,"12","Kreis 12",2,"02","Einelternfamilientarif",30.3,15,42.65
2000,1,"1","Kreis 1",0,"00","Grundtarif",40.9,18.5,69.9
2000,1,"1","Kreis 1",1,"01","Verheiratetentarif",89.8,54.4,140.6
2000,1,"1","Kreis 1",2,"02","Einelternfamilientarif",54.1,27.1,93.4
2000,2,"2","Kreis 2",0,"00","Grundtarif",39.5,20.1,61
2000,2,"2","Kreis 2",1,"01","Verheiratetentarif",72.6,51.2,106.7
2000,2,"2","Kreis 2",2,"02","Einelternfamilientarif",41.15,23.2,59.6
2000,3,"3","Kreis 3",0,"00","Grundtarif",34.7,18.5,52.4
2000,3,"3","Kreis 3",1,"01","Verheiratetentarif",60.3,42,82.2
2000,3,"3","Kreis 3",2,"02","Einelternfamilientarif",33.9,17.5,48.5
2000,4,"4","Kreis 4",0,"00","Grundtarif",30.3,15.5,48.5
2000,4,"4","Kreis 4",1,"01","Verheiratetentarif",53.9,36,72.1
2000,4,"4","Kreis 4",2,"02","Einelternfamilientarif",32,14.7,46.3
2000,5,"5","Kreis 5",0,"00","Grundtarif",35.1,18.3,53.7
2000,5,"5","Kreis 5",1,"01","Verheiratetentarif",56.5,40.1,77.2
2000,5,"5","Kreis 5",2,"02","Einelternfamilientarif",33.85,21.1,45.9
2000,6,"6","Kreis 6",0,"00","Grundtarif",39.8,20.3,62.1
2000,6,"6","Kreis 6",1,"01","Verheiratetentarif",74.5,51.1,112.3
2000,6,"6","Kreis 6",2,"02","Einelternfamilientarif",40.2,24.1,58.5
2000,7,"7","Kreis 7",0,"00","Grundtarif",43.4,19.5,70
2000,7,"7","Kreis 7",1,"01","Verheiratetentarif",97.8,61.3,165.4
2000,7,"7","Kreis 7",2,"02","Einelternfamilientarif",50.6,29.5,83
2000,8,"8","Kreis 8",0,"00","Grundtarif",43.8,21.6,67.4
2000,8,"8","Kreis 8",1,"01","Verheiratetentarif",83.45,55.9,130
2000,8,"8","Kreis 8",2,"02","Einelternfamilientarif",44.5,23.7,67.2
2000,9,"9","Kreis 9",0,"00","Grundtarif",35,19.8,51.8
2000,9,"9","Kreis 9",1,"01","Verheiratetentarif",61.3,45.5,83.3
2000,9,"9","Kreis 9",2,"02","Einelternfamilientarif",34.1,19.2,48.2
2000,10,"10","Kreis 10",0,"00","Grundtarif",40.1,20.6,60
2000,10,"10","Kreis 10",1,"01","Verheiratetentarif",72.1,51.1,103.5
2000,10,"10","Kreis 10",2,"02","Einelternfamilientarif",39.1,23,55.3
2000,11,"11","Kreis 11",0,"00","Grundtarif",35,18.8,52
2000,11,"11","Kreis 11",1,"01","Verheiratetentarif",61.9,44.2,84.7
2000,11,"11","Kreis 11",2,"02","Einelternfamilientarif",35.8,20.3,52.1
2000,12,"12","Kreis 12",0,"00","Grundtarif",29.8,16.5,44.5
2000,12,"12","Kreis 12",1,"01","Verheiratetentarif",56.6,40.9,74.4
2000,12,"12","Kreis 12",2,"02","Einelternfamilientarif",30.6,15.6,44.1
2001,1,"1","Kreis 1",0,"00","Grundtarif",42.4,18.1,72.8
2001,1,"1","Kreis 1",1,"01","Verheiratetentarif",94.95,57.5,157.3
2001,1,"1","Kreis 1",2,"02","Einelternfamilientarif",54.8,32.6,120.4
2001,2,"2","Kreis 2",0,"00","Grundtarif",41,21,63.9
2001,2,"2","Kreis 2",1,"01","Verheiratetentarif",76,53.1,112.2
2001,2,"2","Kreis 2",2,"02","Einelternfamilientarif",42.2,24.95,63.8
2001,3,"3","Kreis 3",0,"00","Grundtarif",36.1,19.7,54.7
2001,3,"3","Kreis 3",1,"01","Verheiratetentarif",62.4,43.5,85.2
2001,3,"3","Kreis 3",2,"02","Einelternfamilientarif",35.7,19.3,51
2001,4,"4","Kreis 4",0,"00","Grundtarif",32.2,17,50.4
2001,4,"4","Kreis 4",1,"01","Verheiratetentarif",55.35,37.15,73.8
2001,4,"4","Kreis 4",2,"02","Einelternfamilientarif",34,16.5,47.75
2001,5,"5","Kreis 5",0,"00","Grundtarif",36.9,18.7,56.5
2001,5,"5","Kreis 5",1,"01","Verheiratetentarif",58.8,41.5,79.2
2001,5,"5","Kreis 5",2,"02","Einelternfamilientarif",35.5,20,49.4
2001,6,"6","Kreis 6",0,"00","Grundtarif",41.4,20.8,65
2001,6,"6","Kreis 6",1,"01","Verheiratetentarif",77.7,52.8,120.5
2001,6,"6","Kreis 6",2,"02","Einelternfamilientarif",41.8,24.9,61.7
2001,7,"7","Kreis 7",0,"00","Grundtarif",44.9,20.2,71.9
2001,7,"7","Kreis 7",1,"01","Verheiratetentarif",101.4,63.7,168.45
2001,7,"7","Kreis 7",2,"02","Einelternfamilientarif",52.25,30.65,83.8
2001,8,"8","Kreis 8",0,"00","Grundtarif",45.6,22.7,70.1
2001,8,"8","Kreis 8",1,"01","Verheiratetentarif",86.6,58.2,139.3
2001,8,"8","Kreis 8",2,"02","Einelternfamilientarif",51.7,29.15,77.35
2001,9,"9","Kreis 9",0,"00","Grundtarif",36.7,20.3,53.7
2001,9,"9","Kreis 9",1,"01","Verheiratetentarif",63.45,46.6,86
2001,9,"9","Kreis 9",2,"02","Einelternfamilientarif",36.5,20.1,50.55
2001,10,"10","Kreis 10",0,"00","Grundtarif",42.1,21.7,62.6
2001,10,"10","Kreis 10",1,"01","Verheiratetentarif",75,53.8,108
2001,10,"10","Kreis 10",2,"02","Einelternfamilientarif",40.9,25.3,59.3
2001,11,"11","Kreis 11",0,"00","Grundtarif",36.1,19.6,54.2
2001,11,"11","Kreis 11",1,"01","Verheiratetentarif",64.3,45.4,88.4
2001,11,"11","Kreis 11",2,"02","Einelternfamilientarif",36.9,21.3,54
2001,12,"12","Kreis 12",0,"00","Grundtarif",30.8,17,45.9
2001,12,"12","Kreis 12",1,"01","Verheiratetentarif",58.9,42.5,76.9
2001,12,"12","Kreis 12",2,"02","Einelternfamilientarif",32.4,16.9,46.2
2002,1,"1","Kreis 1",0,"00","Grundtarif",42,18.2,72.7
2002,1,"1","Kreis 1",1,"01","Verheiratetentarif",92.2,56.4,153.2
2002,1,"1","Kreis 1",2,"02","Einelternfamilientarif",55.9,30.3,112.2
2002,2,"2","Kreis 2",0,"00","Grundtarif",40.8,20.4,63.6
2002,2,"2","Kreis 2",1,"01","Verheiratetentarif",75.9,53,113
2002,2,"2","Kreis 2",2,"02","Einelternfamilientarif",43.8,24.9,66.8
2002,3,"3","Kreis 3",0,"00","Grundtarif",36.2,18.9,55
2002,3,"3","Kreis 3",1,"01","Verheiratetentarif",61.9,42.9,85.5
2002,3,"3","Kreis 3",2,"02","Einelternfamilientarif",36.2,20.3,52.6
2002,4,"4","Kreis 4",0,"00","Grundtarif",32,16.2,50.5
2002,4,"4","Kreis 4",1,"01","Verheiratetentarif",55.4,37.1,74.4
2002,4,"4","Kreis 4",2,"02","Einelternfamilientarif",33.1,16.4,48.7
2002,5,"5","Kreis 5",0,"00","Grundtarif",37.8,19.6,57.7
2002,5,"5","Kreis 5",1,"01","Verheiratetentarif",59.6,39.85,81.7
2002,5,"5","Kreis 5",2,"02","Einelternfamilientarif",36.45,22.35,49.45
2002,6,"6","Kreis 6",0,"00","Grundtarif",41.76,21.2,65.7
2002,6,"6","Kreis 6",1,"01","Verheiratetentarif",78.4,53.5,119.4
2002,6,"6","Kreis 6",2,"02","Einelternfamilientarif",43.6,25.9,66.3
2002,7,"7","Kreis 7",0,"00","Grundtarif",45,20.3,72.7
2002,7,"7","Kreis 7",1,"01","Verheiratetentarif",101.2,63.2,167
2002,7,"7","Kreis 7",2,"02","Einelternfamilientarif",56.6,34.1,92.5
2002,8,"8","Kreis 8",0,"00","Grundtarif",45,21.9,70.3
2002,8,"8","Kreis 8",1,"01","Verheiratetentarif",87.7,58,136.3
2002,8,"8","Kreis 8",2,"02","Einelternfamilientarif",50,27.1,77.7
2002,9,"9","Kreis 9",0,"00","Grundtarif",36.6,20.1,53.6
2002,9,"9","Kreis 9",1,"01","Verheiratetentarif",63.6,46.9,85.6
2002,9,"9","Kreis 9",2,"02","Einelternfamilientarif",37.35,21.2,51.5
2002,10,"10","Kreis 10",0,"00","Grundtarif",42.5,21.3,63
2002,10,"10","Kreis 10",1,"01","Verheiratetentarif",74.4,53.1,107.4
2002,10,"10","Kreis 10",2,"02","Einelternfamilientarif",43.25,25.8,61.3
2002,11,"11","Kreis 11",0,"00","Grundtarif",36.5,19.1,54.4
2002,11,"11","Kreis 11",1,"01","Verheiratetentarif",64.4,45.4,88
2002,11,"11","Kreis 11",2,"02","Einelternfamilientarif",37.2,20.5,55.4
2002,12,"12","Kreis 12",0,"00","Grundtarif",30.9,16.6,46
2002,12,"12","Kreis 12",1,"01","Verheiratetentarif",58.5,41.9,76.3
2002,12,"12","Kreis 12",2,"02","Einelternfamilientarif",33.5,17.5,46
2003,1,"1","Kreis 1",0,"00","Grundtarif",42.9,17.6,74.55
2003,1,"1","Kreis 1",1,"01","Verheiratetentarif",90.35,53.5,151
2003,1,"1","Kreis 1",2,"02","Einelternfamilientarif",52.4,30.8,99.7
2003,2,"2","Kreis 2",0,"00","Grundtarif",40.5,20.6,62.9
2003,2,"2","Kreis 2",1,"01","Verheiratetentarif",75.5,52.5,111.9
2003,2,"2","Kreis 2",2,"02","Einelternfamilientarif",43.45,23.7,69.2
2003,3,"3","Kreis 3",0,"00","Grundtarif",36.2,18.8,55
2003,3,"3","Kreis 3",1,"01","Verheiratetentarif",61.5,42.2,83.6
2003,3,"3","Kreis 3",2,"02","Einelternfamilientarif",36.2,20.05,51.95
2003,4,"4","Kreis 4",0,"00","Grundtarif",32.5,16.2,50.4
2003,4,"4","Kreis 4",1,"01","Verheiratetentarif",54.8,36.4,74.1
2003,4,"4","Kreis 4",2,"02","Einelternfamilientarif",33.3,16.1,47.2
2003,5,"5","Kreis 5",0,"00","Grundtarif",38.9,19.5,58.6
2003,5,"5","Kreis 5",1,"01","Verheiratetentarif",59.6,40.3,79.9
2003,5,"5","Kreis 5",2,"02","Einelternfamilientarif",35.8,19.8,50.7
2003,6,"6","Kreis 6",0,"00","Grundtarif",42,21.1,65.2
2003,6,"6","Kreis 6",1,"01","Verheiratetentarif",78.7,53.6,120.9
2003,6,"6","Kreis 6",2,"02","Einelternfamilientarif",42.8,25.7,67.5
2003,7,"7","Kreis 7",0,"00","Grundtarif",45,19.5,72.9
2003,7,"7","Kreis 7",1,"01","Verheiratetentarif",100,64,169.1
2003,7,"7","Kreis 7",2,"02","Einelternfamilientarif",54.4,31.35,89.95
2003,8,"8","Kreis 8",0,"00","Grundtarif",45.9,21.7,70.2
2003,8,"8","Kreis 8",1,"01","Verheiratetentarif",88.3,57.3,138.4
2003,8,"8","Kreis 8",2,"02","Einelternfamilientarif",50.35,28.25,70.7
2003,9,"9","Kreis 9",0,"00","Grundtarif",36.7,20,53.8
2003,9,"9","Kreis 9",1,"01","Verheiratetentarif",62.6,46.4,85.2
2003,9,"9","Kreis 9",2,"02","Einelternfamilientarif",37,21.3,51.5
2003,10,"10","Kreis 10",0,"00","Grundtarif",42.3,21.5,62.8
2003,10,"10","Kreis 10",1,"01","Verheiratetentarif",74.3,52.8,107.2
2003,10,"10","Kreis 10",2,"02","Einelternfamilientarif",43,24.9,60.3
2003,11,"11","Kreis 11",0,"00","Grundtarif",36.4,19,54.3
2003,11,"11","Kreis 11",1,"01","Verheiratetentarif",64.1,45,88.4
2003,11,"11","Kreis 11",2,"02","Einelternfamilientarif",36.7,20,52.7
2003,12,"12","Kreis 12",0,"00","Grundtarif",30.9,16.4,45.5
2003,12,"12","Kreis 12",1,"01","Verheiratetentarif",58.3,41.7,75.6
2003,12,"12","Kreis 12",2,"02","Einelternfamilientarif",31.8,17.2,46
2004,1,"1","Kreis 1",0,"00","Grundtarif",41.5,16.9,74.6
2004,1,"1","Kreis 1",1,"01","Verheiratetentarif",95.8,59.6,152.7
2004,1,"1","Kreis 1",2,"02","Einelternfamilientarif",55.4,32.7,102.4
2004,2,"2","Kreis 2",0,"00","Grundtarif",40.1,19.9,63
2004,2,"2","Kreis 2",1,"01","Verheiratetentarif",76.4,51.9,114.5
2004,2,"2","Kreis 2",2,"02","Einelternfamilientarif",43,25,66.8
2004,3,"3","Kreis 3",0,"00","Grundtarif",36.1,18.4,55.3
2004,3,"3","Kreis 3",1,"01","Verheiratetentarif",61.1,41.2,85.3
2004,3,"3","Kreis 3",2,"02","Einelternfamilientarif",37.2,20,54
2004,4,"4","Kreis 4",0,"00","Grundtarif",32,15.7,50.9
2004,4,"4","Kreis 4",1,"01","Verheiratetentarif",53,34.6,72.5
2004,4,"4","Kreis 4",2,"02","Einelternfamilientarif",32,15.9,50
2004,5,"5","Kreis 5",0,"00","Grundtarif",39.5,18.5,59.4
2004,5,"5","Kreis 5",1,"01","Verheiratetentarif",59.5,40.6,82.8
2004,5,"5","Kreis 5",2,"02","Einelternfamilientarif",36.2,17,51.5
2004,6,"6","Kreis 6",0,"00","Grundtarif",42.5,20.9,66.15
2004,6,"6","Kreis 6",1,"01","Verheiratetentarif",78.7,53,121.8
2004,6,"6","Kreis 6",2,"02","Einelternfamilientarif",46,26.65,70.85
2004,7,"7","Kreis 7",0,"00","Grundtarif",44.7,19.5,72.9
2004,7,"7","Kreis 7",1,"01","Verheiratetentarif",101.6,63.5,174
2004,7,"7","Kreis 7",2,"02","Einelternfamilientarif",57.85,33.1,92.7
2004,8,"8","Kreis 8",0,"00","Grundtarif",45.1,20.8,70.6
2004,8,"8","Kreis 8",1,"01","Verheiratetentarif",88,58.1,139.9
2004,8,"8","Kreis 8",2,"02","Einelternfamilientarif",49.2,30.4,72.8
2004,9,"9","Kreis 9",0,"00","Grundtarif",36.3,19.5,53.5
2004,9,"9","Kreis 9",1,"01","Verheiratetentarif",62.5,45.4,85.45
2004,9,"9","Kreis 9",2,"02","Einelternfamilientarif",36.6,21.1,52.3
2004,10,"10","Kreis 10",0,"00","Grundtarif",42,20.9,62.3
2004,10,"10","Kreis 10",1,"01","Verheiratetentarif",74.5,52.3,108.9
2004,10,"10","Kreis 10",2,"02","Einelternfamilientarif",42.7,25.8,60.5
2004,11,"11","Kreis 11",0,"00","Grundtarif",36,18.4,54.4
2004,11,"11","Kreis 11",1,"01","Verheiratetentarif",64.2,44.3,88.7
2004,11,"11","Kreis 11",2,"02","Einelternfamilientarif",36.5,18.8,53.7
2004,12,"12","Kreis 12",0,"00","Grundtarif",30.3,15.8,45
2004,12,"12","Kreis 12",1,"01","Verheiratetentarif",57.4,40.6,75.8
2004,12,"12","Kreis 12",2,"02","Einelternfamilientarif",31.6,15.9,45.05
2005,1,"1","Kreis 1",0,"00","Grundtarif",43.9,17.3,76.1
2005,1,"1","Kreis 1",1,"01","Verheiratetentarif",99.1,61.8,159.7
2005,1,"1","Kreis 1",2,"02","Einelternfamilientarif",49.18,32,85.1
2005,2,"2","Kreis 2",0,"00","Grundtarif",40.7,19.9,64
2005,2,"2","Kreis 2",1,"01","Verheiratetentarif",77.5,52.7,118.8
2005,2,"2","Kreis 2",2,"02","Einelternfamilientarif",43.1,23.9,68.7
2005,3,"3","Kreis 3",0,"00","Grundtarif",36.9,18.5,56.6
2005,3,"3","Kreis 3",1,"01","Verheiratetentarif",60.9,41.2,85.4
2005,3,"3","Kreis 3",2,"02","Einelternfamilientarif",37.75,19.8,54.7
2005,4,"4","Kreis 4",0,"00","Grundtarif",32.7,15.6,52.1
2005,4,"4","Kreis 4",1,"01","Verheiratetentarif",52.6,33.7,73.1
2005,4,"4","Kreis 4",2,"02","Einelternfamilientarif",30.65,12.85,47.8
2005,5,"5","Kreis 5",0,"00","Grundtarif",40,19.7,61
2005,5,"5","Kreis 5",1,"01","Verheiratetentarif",58.35,39.65,83.45
2005,5,"5","Kreis 5",2,"02","Einelternfamilientarif",39.9,24,54.95
2005,6,"6","Kreis 6",0,"00","Grundtarif",43.1,21.4,67.3
2005,6,"6","Kreis 6",1,"01","Verheiratetentarif",80.3,53.3,125.2
2005,6,"6","Kreis 6",2,"02","Einelternfamilientarif",44.2,25.8,67.8
2005,7,"7","Kreis 7",0,"00","Grundtarif",45.9,19.9,74.1
2005,7,"7","Kreis 7",1,"01","Verheiratetentarif",105.65,64.6,179.9
2005,7,"7","Kreis 7",2,"02","Einelternfamilientarif",56.45,35,92
2005,8,"8","Kreis 8",0,"00","Grundtarif",46.3,21.3,72.6
2005,8,"8","Kreis 8",1,"01","Verheiratetentarif",92.1,59.3,141.5
2005,8,"8","Kreis 8",2,"02","Einelternfamilientarif",50.7,31,78.8
2005,9,"9","Kreis 9",0,"00","Grundtarif",36.1,19,54.1
2005,9,"9","Kreis 9",1,"01","Verheiratetentarif",62.8,45,85.8
2005,9,"9","Kreis 9",2,"02","Einelternfamilientarif",36.2,20,53.3
2005,10,"10","Kreis 10",0,"00","Grundtarif",42.4,21.1,63.4
2005,10,"10","Kreis 10",1,"01","Verheiratetentarif",75.6,52.9,112.7
2005,10,"10","Kreis 10",2,"02","Einelternfamilientarif",43.4,26.2,63.2
2005,11,"11","Kreis 11",0,"00","Grundtarif",36.3,18.4,55.3
2005,11,"11","Kreis 11",1,"01","Verheiratetentarif",64.6,44.5,89
2005,11,"11","Kreis 11",2,"02","Einelternfamilientarif",35.5,17.3,52.3
2005,12,"12","Kreis 12",0,"00","Grundtarif",30,15.1,45
2005,12,"12","Kreis 12",1,"01","Verheiratetentarif",56.7,39.4,75
2005,12,"12","Kreis 12",2,"02","Einelternfamilientarif",31.1,13.5,45.9
2006,1,"1","Kreis 1",0,"00","Grundtarif",44.4,18,77.8
2006,1,"1","Kreis 1",1,"01","Verheiratetentarif",103.7,61.9,166.1
2006,1,"1","Kreis 1",2,"02","Einelternfamilientarif",48.25,24.3,99.35
2006,2,"2","Kreis 2",0,"00","Grundtarif",41.7,20.4,65.7
2006,2,"2","Kreis 2",1,"01","Verheiratetentarif",76.7,52.7,119.3
2006,2,"2","Kreis 2",2,"02","Einelternfamilientarif",40.4,22.8,66.5
2006,3,"3","Kreis 3",0,"00","Grundtarif",38.1,19.1,58.6
2006,3,"3","Kreis 3",1,"01","Verheiratetentarif",59.9,39,86.3
2006,3,"3","Kreis 3",2,"02","Einelternfamilientarif",35.3,18.1,52.3
2006,4,"4","Kreis 4",0,"00","Grundtarif",33.6,16,53.5
2006,4,"4","Kreis 4",1,"01","Verheiratetentarif",50.4,31.65,71.45
2006,4,"4","Kreis 4",2,"02","Einelternfamilientarif",30,12.4,48.4
2006,5,"5","Kreis 5",0,"00","Grundtarif",41.15,20.1,63.8
2006,5,"5","Kreis 5",1,"01","Verheiratetentarif",58.4,39.1,82.9
2006,5,"5","Kreis 5",2,"02","Einelternfamilientarif",36.2,19.55,55.15
2006,6,"6","Kreis 6",0,"00","Grundtarif",43.5,21.7,68.9
2006,6,"6","Kreis 6",1,"01","Verheiratetentarif",82.2,54.2,128.4
2006,6,"6","Kreis 6",2,"02","Einelternfamilientarif",41.5,24.8,67.2
2006,7,"7","Kreis 7",0,"00","Grundtarif",46.4,20,76.3
2006,7,"7","Kreis 7",1,"01","Verheiratetentarif",108.6,65.5,184.2
2006,7,"7","Kreis 7",2,"02","Einelternfamilientarif",56.7,34.5,91.7
2006,8,"8","Kreis 8",0,"00","Grundtarif",48,22.1,75.45
2006,8,"8","Kreis 8",1,"01","Verheiratetentarif",93.4,59.6,152.8
2006,8,"8","Kreis 8",2,"02","Einelternfamilientarif",47.2,30.6,72.4
2006,9,"9","Kreis 9",0,"00","Grundtarif",36.9,19.4,55
2006,9,"9","Kreis 9",1,"01","Verheiratetentarif",61.7,43.1,85.5
2006,9,"9","Kreis 9",2,"02","Einelternfamilientarif",33.8,18.2,52
2006,10,"10","Kreis 10",0,"00","Grundtarif",43.3,21.9,65
2006,10,"10","Kreis 10",1,"01","Verheiratetentarif",75.9,52,112.7
2006,10,"10","Kreis 10",2,"02","Einelternfamilientarif",40.7,23.7,60.1
2006,11,"11","Kreis 11",0,"00","Grundtarif",37,18.5,56.8
2006,11,"11","Kreis 11",1,"01","Verheiratetentarif",63.1,42.3,89.5
2006,11,"11","Kreis 11",2,"02","Einelternfamilientarif",34.6,15,52.1
2006,12,"12","Kreis 12",0,"00","Grundtarif",30.1,15.3,45.5
2006,12,"12","Kreis 12",1,"01","Verheiratetentarif",55.2,37.05,74.8
2006,12,"12","Kreis 12",2,"02","Einelternfamilientarif",28.7,7.9,42.5
2007,1,"1","Kreis 1",0,"00","Grundtarif",47.2,19,82.5
2007,1,"1","Kreis 1",1,"01","Verheiratetentarif",108.8,65.8,177.4
2007,1,"1","Kreis 1",2,"02","Einelternfamilientarif",50,27,86.8
2007,2,"2","Kreis 2",0,"00","Grundtarif",43,21.3,68.4
2007,2,"2","Kreis 2",1,"01","Verheiratetentarif",81.2,54.2,127.6
2007,2,"2","Kreis 2",2,"02","Einelternfamilientarif",42.1,24,70.5
2007,3,"3","Kreis 3",0,"00","Grundtarif",39.9,20,60.5
2007,3,"3","Kreis 3",1,"01","Verheiratetentarif",62,40.3,89.7
2007,3,"3","Kreis 3",2,"02","Einelternfamilientarif",36.05,19.9,55.4
2007,4,"4","Kreis 4",0,"00","Grundtarif",34.7,16.9,55.3
2007,4,"4","Kreis 4",1,"01","Verheiratetentarif",52.25,33.3,74.85
2007,4,"4","Kreis 4",2,"02","Einelternfamilientarif",29.4,9.8,45.6
2007,5,"5","Kreis 5",0,"00","Grundtarif",43.5,21.6,66
2007,5,"5","Kreis 5",1,"01","Verheiratetentarif",60,39.4,86.4
2007,5,"5","Kreis 5",2,"02","Einelternfamilientarif",36.8,18,58.1
2007,6,"6","Kreis 6",0,"00","Grundtarif",45.6,22.6,71.9
2007,6,"6","Kreis 6",1,"01","Verheiratetentarif",84.1,55.2,135.2
2007,6,"6","Kreis 6",2,"02","Einelternfamilientarif",45.7,28,72.6
2007,7,"7","Kreis 7",0,"00","Grundtarif",48.85,21.1,80.9
2007,7,"7","Kreis 7",1,"01","Verheiratetentarif",112.3,69,190.7
2007,7,"7","Kreis 7",2,"02","Einelternfamilientarif",58,35,101.3
2007,8,"8","Kreis 8",0,"00","Grundtarif",50.6,23.1,81.6
2007,8,"8","Kreis 8",1,"01","Verheiratetentarif",97,62.4,161.3
2007,8,"8","Kreis 8",2,"02","Einelternfamilientarif",50.55,30.5,78.7
2007,9,"9","Kreis 9",0,"00","Grundtarif",38.4,20,57.3
2007,9,"9","Kreis 9",1,"01","Verheiratetentarif",64.3,44.7,89.3
2007,9,"9","Kreis 9",2,"02","Einelternfamilientarif",36.25,19.75,53.55
2007,10,"10","Kreis 10",0,"00","Grundtarif",44.8,22.8,67.2
2007,10,"10","Kreis 10",1,"01","Verheiratetentarif",79.5,54.8,119
2007,10,"10","Kreis 10",2,"02","Einelternfamilientarif",42.8,24.7,62.3
2007,11,"11","Kreis 11",0,"00","Grundtarif",38.6,19.8,59
2007,11,"11","Kreis 11",1,"01","Verheiratetentarif",65.6,44.2,92.8
2007,11,"11","Kreis 11",2,"02","Einelternfamilientarif",33.8,16.8,52.3
2007,12,"12","Kreis 12",0,"00","Grundtarif",31.1,16,46.6
2007,12,"12","Kreis 12",1,"01","Verheiratetentarif",56.8,38.2,76.3
2007,12,"12","Kreis 12",2,"02","Einelternfamilientarif",29.5,10.1,44.3
2008,1,"1","Kreis 1",0,"00","Grundtarif",48.7,19.8,88.8
2008,1,"1","Kreis 1",1,"01","Verheiratetentarif",117.85,69.1,186.8
2008,1,"1","Kreis 1",2,"02","Einelternfamilientarif",51.9,27.5,93.5
2008,2,"2","Kreis 2",0,"00","Grundtarif",44.8,22.2,70.7
2008,2,"2","Kreis 2",1,"01","Verheiratetentarif",85.5,56.1,134.6
2008,2,"2","Kreis 2",2,"02","Einelternfamilientarif",44.9,24.8,68.6
2008,3,"3","Kreis 3",0,"00","Grundtarif",40.8,20,62.9
2008,3,"3","Kreis 3",1,"01","Verheiratetentarif",64.4,42,93.6
2008,3,"3","Kreis 3",2,"02","Einelternfamilientarif",37.6,20,56.4
2008,4,"4","Kreis 4",0,"00","Grundtarif",36.6,18,58.4
2008,4,"4","Kreis 4",1,"01","Verheiratetentarif",53.9,34.7,77
2008,4,"4","Kreis 4",2,"02","Einelternfamilientarif",30,13,46.7
2008,5,"5","Kreis 5",0,"00","Grundtarif",45.3,22.7,69
2008,5,"5","Kreis 5",1,"01","Verheiratetentarif",62.15,40.6,91.3
2008,5,"5","Kreis 5",2,"02","Einelternfamilientarif",39.7,17.6,64.7
2008,6,"6","Kreis 6",0,"00","Grundtarif",47.5,22.9,74.4
2008,6,"6","Kreis 6",1,"01","Verheiratetentarif",88.1,57.6,142.8
2008,6,"6","Kreis 6",2,"02","Einelternfamilientarif",48.65,29.6,76.4
2008,7,"7","Kreis 7",0,"00","Grundtarif",50,21.7,83.9
2008,7,"7","Kreis 7",1,"01","Verheiratetentarif",118.85,71.45,203.3
2008,7,"7","Kreis 7",2,"02","Einelternfamilientarif",62.1,38,102
2008,8,"8","Kreis 8",0,"00","Grundtarif",52.6,24.9,85.25
2008,8,"8","Kreis 8",1,"01","Verheiratetentarif",103.6,65.8,172.4
2008,8,"8","Kreis 8",2,"02","Einelternfamilientarif",50.6,31.8,80.3
2008,9,"9","Kreis 9",0,"00","Grundtarif",40,20.9,59.8
2008,9,"9","Kreis 9",1,"01","Verheiratetentarif",66.4,45.9,92.4
2008,9,"9","Kreis 9",2,"02","Einelternfamilientarif",38.3,20.8,55.6
2008,10,"10","Kreis 10",0,"00","Grundtarif",46.2,23.5,69.7
2008,10,"10","Kreis 10",1,"01","Verheiratetentarif",80.7,55.7,122.95
2008,10,"10","Kreis 10",2,"02","Einelternfamilientarif",45.15,26.15,67.05
2008,11,"11","Kreis 11",0,"00","Grundtarif",40,20,61.1
2008,11,"11","Kreis 11",1,"01","Verheiratetentarif",67.8,45.3,95.9
2008,11,"11","Kreis 11",2,"02","Einelternfamilientarif",37.5,18.6,56.7
2008,12,"12","Kreis 12",0,"00","Grundtarif",31.7,16,48
2008,12,"12","Kreis 12",1,"01","Verheiratetentarif",57.9,39.4,78.9
2008,12,"12","Kreis 12",2,"02","Einelternfamilientarif",29.65,12.6,44.5
2009,1,"1","Kreis 1",0,"00","Grundtarif",48.3,20,87.5
2009,1,"1","Kreis 1",1,"01","Verheiratetentarif",120.5,72.8,190.3
2009,1,"1","Kreis 1",2,"02","Einelternfamilientarif",54.1,33.4,93.4
2009,2,"2","Kreis 2",0,"00","Grundtarif",44.7,21.5,71.4
2009,2,"2","Kreis 2",1,"01","Verheiratetentarif",87.4,57.5,136.9
2009,2,"2","Kreis 2",2,"02","Einelternfamilientarif",44.95,25.2,68.5
2009,3,"3","Kreis 3",0,"00","Grundtarif",41.4,20.6,64.2
2009,3,"3","Kreis 3",1,"01","Verheiratetentarif",66.5,43.5,96.8
2009,3,"3","Kreis 3",2,"02","Einelternfamilientarif",38.9,20.1,59.6
2009,4,"4","Kreis 4",0,"00","Grundtarif",36.8,17.8,59.2
2009,4,"4","Kreis 4",1,"01","Verheiratetentarif",55,35.7,79.6
2009,4,"4","Kreis 4",2,"02","Einelternfamilientarif",32.1,13,50.9
2009,5,"5","Kreis 5",0,"00","Grundtarif",45,21.9,69.7
2009,5,"5","Kreis 5",1,"01","Verheiratetentarif",64.4,43.1,97.5
2009,5,"5","Kreis 5",2,"02","Einelternfamilientarif",43.8,21.4,67.6
2009,6,"6","Kreis 6",0,"00","Grundtarif",47.9,23.2,75
2009,6,"6","Kreis 6",1,"01","Verheiratetentarif",91.1,58.9,149.1
2009,6,"6","Kreis 6",2,"02","Einelternfamilientarif",48.45,29.7,78
2009,7,"7","Kreis 7",0,"00","Grundtarif",49.9,21,83.6
2009,7,"7","Kreis 7",1,"01","Verheiratetentarif",120,75.1,203.6
2009,7,"7","Kreis 7",2,"02","Einelternfamilientarif",65,37.4,105.3
2009,8,"8","Kreis 8",0,"00","Grundtarif",53.6,24.2,85.9
2009,8,"8","Kreis 8",1,"01","Verheiratetentarif",108.2,67.1,172.1
2009,8,"8","Kreis 8",2,"02","Einelternfamilientarif",55.3,31.8,94
2009,9,"9","Kreis 9",0,"00","Grundtarif",40.6,21.1,60.2
2009,9,"9","Kreis 9",1,"01","Verheiratetentarif",67.7,46.6,94.2
2009,9,"9","Kreis 9",2,"02","Einelternfamilientarif",38.8,21,58
2009,10,"10","Kreis 10",0,"00","Grundtarif",46.4,23.7,69.9
2009,10,"10","Kreis 10",1,"01","Verheiratetentarif",84.15,57.6,126.3
2009,10,"10","Kreis 10",2,"02","Einelternfamilientarif",48.45,28.2,71
2009,11,"11","Kreis 11",0,"00","Grundtarif",40.1,19.9,61.9
2009,11,"11","Kreis 11",1,"01","Verheiratetentarif",69.5,46.6,98.6
2009,11,"11","Kreis 11",2,"02","Einelternfamilientarif",38.5,20,59.4
2009,12,"12","Kreis 12",0,"00","Grundtarif",32.1,16,48.7
2009,12,"12","Kreis 12",1,"01","Verheiratetentarif",59,39.6,79.8
2009,12,"12","Kreis 12",2,"02","Einelternfamilientarif",30,12.55,46.1
2010,1,"1","Kreis 1",0,"00","Grundtarif",48.05,19,87.7
2010,1,"1","Kreis 1",1,"01","Verheiratetentarif",122.3,73.9,191.5
2010,1,"1","Kreis 1",2,"02","Einelternfamilientarif",55.35,29.8,96.6
2010,2,"2","Kreis 2",0,"00","Grundtarif",45,21.5,72.3
2010,2,"2","Kreis 2",1,"01","Verheiratetentarif",89.45,58.5,139
2010,2,"2","Kreis 2",2,"02","Einelternfamilientarif",44.4,25.6,70
2010,3,"3","Kreis 3",0,"00","Grundtarif",41.4,20.5,64.8
2010,3,"3","Kreis 3",1,"01","Verheiratetentarif",67.3,43.5,100.1
2010,3,"3","Kreis 3",2,"02","Einelternfamilientarif",40,21.6,60.1
2010,4,"4","Kreis 4",0,"00","Grundtarif",37.1,18,59.9
2010,4,"4","Kreis 4",1,"01","Verheiratetentarif",55.9,35.5,80.5
2010,4,"4","Kreis 4",2,"02","Einelternfamilientarif",33.25,13.95,53.4
2010,5,"5","Kreis 5",0,"00","Grundtarif",45.6,21.5,70.3
2010,5,"5","Kreis 5",1,"01","Verheiratetentarif",65.4,43.6,98.8
2010,5,"5","Kreis 5",2,"02","Einelternfamilientarif",44.95,22.2,68.9
2010,6,"6","Kreis 6",0,"00","Grundtarif",47.7,23.6,76.42
2010,6,"6","Kreis 6",1,"01","Verheiratetentarif",93.65,60,150.1
2010,6,"6","Kreis 6",2,"02","Einelternfamilientarif",50.25,29.6,78.4
2010,7,"7","Kreis 7",0,"00","Grundtarif",49.6,21.1,83.9
2010,7,"7","Kreis 7",1,"01","Verheiratetentarif",123,75.8,209.7
2010,7,"7","Kreis 7",2,"02","Einelternfamilientarif",65.45,39,108.1
2010,8,"8","Kreis 8",0,"00","Grundtarif",53.95,24.9,88.7
2010,8,"8","Kreis 8",1,"01","Verheiratetentarif",108.7,68.55,181.85
2010,8,"8","Kreis 8",2,"02","Einelternfamilientarif",57.8,35,88.9
2010,9,"9","Kreis 9",0,"00","Grundtarif",40.7,20.8,60.5
2010,9,"9","Kreis 9",1,"01","Verheiratetentarif",67.9,46.8,95.2
2010,9,"9","Kreis 9",2,"02","Einelternfamilientarif",39.3,20.3,60.2
2010,10,"10","Kreis 10",0,"00","Grundtarif",46.6,23.7,70.3
2010,10,"10","Kreis 10",1,"01","Verheiratetentarif",85.1,58.3,128.6
2010,10,"10","Kreis 10",2,"02","Einelternfamilientarif",48.3,28.85,74
2010,11,"11","Kreis 11",0,"00","Grundtarif",40.5,19.8,62.4
2010,11,"11","Kreis 11",1,"01","Verheiratetentarif",70.8,47.2,100.6
2010,11,"11","Kreis 11",2,"02","Einelternfamilientarif",38.3,20.6,59.3
2010,12,"12","Kreis 12",0,"00","Grundtarif",31.7,15.5,49.1
2010,12,"12","Kreis 12",1,"01","Verheiratetentarif",59.5,39.7,80.9
2010,12,"12","Kreis 12",2,"02","Einelternfamilientarif",30,11.2,45.3
2011,1,"1","Kreis 1",0,"00","Grundtarif",48.3,19.2,88.1
2011,1,"1","Kreis 1",1,"01","Verheiratetentarif",119.4,66,201.8
2011,1,"1","Kreis 1",2,"02","Einelternfamilientarif",58.15,29.35,102.75
2011,2,"2","Kreis 2",0,"00","Grundtarif",44.6,21.5,72
2011,2,"2","Kreis 2",1,"01","Verheiratetentarif",89.15,58,140.9
2011,2,"2","Kreis 2",2,"02","Einelternfamilientarif",46,26.7,71.9
2011,3,"3","Kreis 3",0,"00","Grundtarif",42.9,21,66
2011,3,"3","Kreis 3",1,"01","Verheiratetentarif",68.8,43.8,104.3
2011,3,"3","Kreis 3",2,"02","Einelternfamilientarif",39.7,20.35,59.45
2011,4,"4","Kreis 4",0,"00","Grundtarif",37.6,18,60.1
2011,4,"4","Kreis 4",1,"01","Verheiratetentarif",56.95,36.8,83.2
2011,4,"4","Kreis 4",2,"02","Einelternfamilientarif",32.9,11.1,52.8
2011,5,"5","Kreis 5",0,"00","Grundtarif",44.45,20.45,71.1
2011,5,"5","Kreis 5",1,"01","Verheiratetentarif",67.95,45.05,101.3
2011,5,"5","Kreis 5",2,"02","Einelternfamilientarif",45.5,23.2,70.35
2011,6,"6","Kreis 6",0,"00","Grundtarif",48.1,23.9,77
2011,6,"6","Kreis 6",1,"01","Verheiratetentarif",95.2,61.2,155.3
2011,6,"6","Kreis 6",2,"02","Einelternfamilientarif",53.35,31,84.2
2011,7,"7","Kreis 7",0,"00","Grundtarif",50.3,21.2,85.8
2011,7,"7","Kreis 7",1,"01","Verheiratetentarif",126.9,77.8,212.1
2011,7,"7","Kreis 7",2,"02","Einelternfamilientarif",68.4,39.6,105.6
2011,8,"8","Kreis 8",0,"00","Grundtarif",55,25.6,90.1
2011,8,"8","Kreis 8",1,"01","Verheiratetentarif",111.4,68.7,186.8
2011,8,"8","Kreis 8",2,"02","Einelternfamilientarif",57.6,35.5,91.7
2011,9,"9","Kreis 9",0,"00","Grundtarif",41.1,21.1,61.2
2011,9,"9","Kreis 9",1,"01","Verheiratetentarif",68.9,47.2,96.5
2011,9,"9","Kreis 9",2,"02","Einelternfamilientarif",40,20.15,62.45
2011,10,"10","Kreis 10",0,"00","Grundtarif",47.2,23.8,70.4
2011,10,"10","Kreis 10",1,"01","Verheiratetentarif",86.9,58.9,132.05
2011,10,"10","Kreis 10",2,"02","Einelternfamilientarif",49.8,30,73.55
2011,11,"11","Kreis 11",0,"00","Grundtarif",40.7,19.9,62.9
2011,11,"11","Kreis 11",1,"01","Verheiratetentarif",71.3,47.7,103.1
2011,11,"11","Kreis 11",2,"02","Einelternfamilientarif",38.2,20.2,59.8
2011,12,"12","Kreis 12",0,"00","Grundtarif",31.5,15.3,48.8
2011,12,"12","Kreis 12",1,"01","Verheiratetentarif",59.75,39.9,81.5
2011,12,"12","Kreis 12",2,"02","Einelternfamilientarif",30,12.2,46
2012,1,"1","Kreis 1",0,"00","Grundtarif",48,18.9,87.1
2012,1,"1","Kreis 1",1,"01","Verheiratetentarif",120.5,67.3,194.8
2012,1,"1","Kreis 1",2,"02","Einelternfamilientarif",66.7,36,107.3
2012,2,"2","Kreis 2",0,"00","Grundtarif",44.6,20.45,72.9
2012,2,"2","Kreis 2",1,"01","Verheiratetentarif",87.6,57.4,142.3
2012,2,"2","Kreis 2",2,"02","Einelternfamilientarif",43.9,24.9,70.8
2012,3,"3","Kreis 3",0,"00","Grundtarif",42.7,20.7,66.7
2012,3,"3","Kreis 3",1,"01","Verheiratetentarif",68.55,43.4,104.3
2012,3,"3","Kreis 3",2,"02","Einelternfamilientarif",39.3,22,60.7
2012,4,"4","Kreis 4",0,"00","Grundtarif",38.8,18,61.8
2012,4,"4","Kreis 4",1,"01","Verheiratetentarif",56.2,35,83.2
2012,4,"4","Kreis 4",2,"02","Einelternfamilientarif",31.1,11.3,53.6
2012,5,"5","Kreis 5",0,"00","Grundtarif",45.5,21.2,71.5
2012,5,"5","Kreis 5",1,"01","Verheiratetentarif",69.45,46.45,106.85
2012,5,"5","Kreis 5",2,"02","Einelternfamilientarif",46.2,22.9,73.9
2012,6,"6","Kreis 6",0,"00","Grundtarif",48,23.1,77
2012,6,"6","Kreis 6",1,"01","Verheiratetentarif",95.6,60.3,154.9
2012,6,"6","Kreis 6",2,"02","Einelternfamilientarif",52.1,30.8,84.8
2012,7,"7","Kreis 7",0,"00","Grundtarif",50.5,21.2,84.7
2012,7,"7","Kreis 7",1,"01","Verheiratetentarif",126.2,78.4,214.4
2012,7,"7","Kreis 7",2,"02","Einelternfamilientarif",67.25,39,108.15
2012,8,"8","Kreis 8",0,"00","Grundtarif",55.5,25.2,92
2012,8,"8","Kreis 8",1,"01","Verheiratetentarif",114.75,71.05,189.8
2012,8,"8","Kreis 8",2,"02","Einelternfamilientarif",60.35,37.4,95.95
2012,9,"9","Kreis 9",0,"00","Grundtarif",41.2,20.9,61.4
2012,9,"9","Kreis 9",1,"01","Verheiratetentarif",68.9,46.5,97.3
2012,9,"9","Kreis 9",2,"02","Einelternfamilientarif",39.75,20.9,61.3
2012,10,"10","Kreis 10",0,"00","Grundtarif",47.3,23.6,71.5
2012,10,"10","Kreis 10",1,"01","Verheiratetentarif",86.95,57.9,133
2012,10,"10","Kreis 10",2,"02","Einelternfamilientarif",49.3,29.6,76
2012,11,"11","Kreis 11",0,"00","Grundtarif",40.9,20,63.3
2012,11,"11","Kreis 11",1,"01","Verheiratetentarif",71.45,47.2,103.5
2012,11,"11","Kreis 11",2,"02","Einelternfamilientarif",38,19.8,58.6
2012,12,"12","Kreis 12",0,"00","Grundtarif",31.1,14.6,49
2012,12,"12","Kreis 12",1,"01","Verheiratetentarif",58.7,38.5,80.3
2012,12,"12","Kreis 12",2,"02","Einelternfamilientarif",29,9.1,45
2013,1,"1","Kreis 1",0,"00","Grundtarif",48.05,18.3,83.9
2013,1,"1","Kreis 1",1,"01","Verheiratetentarif",120.5,67.8,207.2
2013,1,"1","Kreis 1",2,"02","Einelternfamilientarif",62.4,30,99.7
2013,2,"2","Kreis 2",0,"00","Grundtarif",45.5,21.2,73.2
2013,2,"2","Kreis 2",1,"01","Verheiratetentarif",87.6,56,143.5
2013,2,"2","Kreis 2",2,"02","Einelternfamilientarif",44.4,22.35,72.8
2013,3,"3","Kreis 3",0,"00","Grundtarif",43.8,21.1,67.7
2013,3,"3","Kreis 3",1,"01","Verheiratetentarif",69.2,42.9,107
2013,3,"3","Kreis 3",2,"02","Einelternfamilientarif",39.8,20.5,61.3
2013,4,"4","Kreis 4",0,"00","Grundtarif",39,18,62.8
2013,4,"4","Kreis 4",1,"01","Verheiratetentarif",54.5,33.95,83.3
2013,4,"4","Kreis 4",2,"02","Einelternfamilientarif",32.9,14.4,55.4
2013,5,"5","Kreis 5",0,"00","Grundtarif",47.3,22.1,74.7
2013,5,"5","Kreis 5",1,"01","Verheiratetentarif",72.4,45.8,112.8
2013,5,"5","Kreis 5",2,"02","Einelternfamilientarif",46.3,25.7,76.1
2013,6,"6","Kreis 6",0,"00","Grundtarif",47.9,22.4,76.4
2013,6,"6","Kreis 6",1,"01","Verheiratetentarif",95.25,60.45,157.9
2013,6,"6","Kreis 6",2,"02","Einelternfamilientarif",51.4,30.1,79.6
2013,7,"7","Kreis 7",0,"00","Grundtarif",50.3,21.1,84.6
2013,7,"7","Kreis 7",1,"01","Verheiratetentarif",125.5,76.7,213
2013,7,"7","Kreis 7",2,"02","Einelternfamilientarif",66.15,38.45,111
2013,8,"8","Kreis 8",0,"00","Grundtarif",55,23.9,91.3
2013,8,"8","Kreis 8",1,"01","Verheiratetentarif",114.45,70,196.3
2013,8,"8","Kreis 8",2,"02","Einelternfamilientarif",58.95,37,96.1
2013,9,"9","Kreis 9",0,"00","Grundtarif",41.3,21.1,61.4
2013,9,"9","Kreis 9",1,"01","Verheiratetentarif",68.4,45.7,97.4
2013,9,"9","Kreis 9",2,"02","Einelternfamilientarif",36.9,20,58.9
2013,10,"10","Kreis 10",0,"00","Grundtarif",47.1,23.6,70.6
2013,10,"10","Kreis 10",1,"01","Verheiratetentarif",85.8,57.2,132
2013,10,"10","Kreis 10",2,"02","Einelternfamilientarif",48.85,27,74.6
2013,11,"11","Kreis 11",0,"00","Grundtarif",41,19.9,63
2013,11,"11","Kreis 11",1,"01","Verheiratetentarif",70.8,46.3,103
2013,11,"11","Kreis 11",2,"02","Einelternfamilientarif",36.6,17.65,60.2
2013,12,"12","Kreis 12",0,"00","Grundtarif",31.4,14.5,49.9
2013,12,"12","Kreis 12",1,"01","Verheiratetentarif",57.4,37.1,79.9
2013,12,"12","Kreis 12",2,"02","Einelternfamilientarif",28.35,9.2,44
2014,1,"1","Kreis 1",0,"00","Grundtarif",47.55,18,86.2
2014,1,"1","Kreis 1",1,"01","Verheiratetentarif",118.1,68.3,207.9
2014,1,"1","Kreis 1",2,"02","Einelternfamilientarif",58.15,31.6,93.2
2014,2,"2","Kreis 2",0,"00","Grundtarif",45,20.5,73.2
2014,2,"2","Kreis 2",1,"01","Verheiratetentarif",93.05,58.4,149.4
2014,2,"2","Kreis 2",2,"02","Einelternfamilientarif",46.5,26.8,72.5
2014,3,"3","Kreis 3",0,"00","Grundtarif",43.8,21.3,68.3
2014,3,"3","Kreis 3",1,"01","Verheiratetentarif",71.5,45,110.7
2014,3,"3","Kreis 3",2,"02","Einelternfamilientarif",40,21.5,64.4
2014,4,"4","Kreis 4",0,"00","Grundtarif",39.3,18,63.5
2014,4,"4","Kreis 4",1,"01","Verheiratetentarif",56.25,34.9,86.5
2014,4,"4","Kreis 4",2,"02","Einelternfamilientarif",33.2,14.5,55.5
2014,5,"5","Kreis 5",0,"00","Grundtarif",49.1,23.7,77
2014,5,"5","Kreis 5",1,"01","Verheiratetentarif",79.1,47.7,126.9
2014,5,"5","Kreis 5",2,"02","Einelternfamilientarif",45.9,27.6,75.3
2014,6,"6","Kreis 6",0,"00","Grundtarif",47.5,22.1,75.5
2014,6,"6","Kreis 6",1,"01","Verheiratetentarif",99.3,61.4,163.1
2014,6,"6","Kreis 6",2,"02","Einelternfamilientarif",54.1,32.9,83.4
2014,7,"7","Kreis 7",0,"00","Grundtarif",50.6,21,84.45
2014,7,"7","Kreis 7",1,"01","Verheiratetentarif",127.2,78.4,212.9
2014,7,"7","Kreis 7",2,"02","Einelternfamilientarif",67,39.5,114.8
2014,8,"8","Kreis 8",0,"00","Grundtarif",54.8,24.1,91.6
2014,8,"8","Kreis 8",1,"01","Verheiratetentarif",120.75,72.5,204.8
2014,8,"8","Kreis 8",2,"02","Einelternfamilientarif",58.6,35.1,98.8
2014,9,"9","Kreis 9",0,"00","Grundtarif",41.8,21.1,62
2014,9,"9","Kreis 9",1,"01","Verheiratetentarif",69.6,46,99.4
2014,9,"9","Kreis 9",2,"02","Einelternfamilientarif",37.95,19.9,58
2014,10,"10","Kreis 10",0,"00","Grundtarif",47.1,23.1,70.6
2014,10,"10","Kreis 10",1,"01","Verheiratetentarif",89.1,58.3,135.7
2014,10,"10","Kreis 10",2,"02","Einelternfamilientarif",48.1,27.4,72.5
2014,11,"11","Kreis 11",0,"00","Grundtarif",41,19.25,62.8
2014,11,"11","Kreis 11",1,"01","Verheiratetentarif",72.5,46.8,106
2014,11,"11","Kreis 11",2,"02","Einelternfamilientarif",37.9,17.8,60
2014,12,"12","Kreis 12",0,"00","Grundtarif",32.1,14.8,50.3
2014,12,"12","Kreis 12",1,"01","Verheiratetentarif",58,36.9,81.8
2014,12,"12","Kreis 12",2,"02","Einelternfamilientarif",29,6.85,45
2015,1,"1","Kreis 1",0,"00","Grundtarif",47.2,17.9,86.9
2015,1,"1","Kreis 1",1,"01","Verheiratetentarif",120.5,69.95,203.3
2015,1,"1","Kreis 1",2,"02","Einelternfamilientarif",62.9,35.9,95.5
2015,2,"2","Kreis 2",0,"00","Grundtarif",46.3,21.4,75
2015,2,"2","Kreis 2",1,"01","Verheiratetentarif",94.45,58.8,152.8
2015,2,"2","Kreis 2",2,"02","Einelternfamilientarif",49.4,28.5,79.6
2015,3,"3","Kreis 3",0,"00","Grundtarif",44.2,21.2,68.5
2015,3,"3","Kreis 3",1,"01","Verheiratetentarif",72.35,45.3,113.45
2015,3,"3","Kreis 3",2,"02","Einelternfamilientarif",41.95,22.4,66.5
2015,4,"4","Kreis 4",0,"00","Grundtarif",39.6,17.8,64.5
2015,4,"4","Kreis 4",1,"01","Verheiratetentarif",56.35,33.8,88.6
2015,4,"4","Kreis 4",2,"02","Einelternfamilientarif",34.5,15.7,58.2
2015,5,"5","Kreis 5",0,"00","Grundtarif",50.4,23.9,79.1
2015,5,"5","Kreis 5",1,"01","Verheiratetentarif",81.85,49.7,136.6
2015,5,"5","Kreis 5",2,"02","Einelternfamilientarif",53.2,31.7,82.9
2015,6,"6","Kreis 6",0,"00","Grundtarif",47.5,22,75.75
2015,6,"6","Kreis 6",1,"01","Verheiratetentarif",101.3,63.5,163.7
2015,6,"6","Kreis 6",2,"02","Einelternfamilientarif",55.6,34.9,87.2
2015,7,"7","Kreis 7",0,"00","Grundtarif",50.2,20.2,84.1
2015,7,"7","Kreis 7",1,"01","Verheiratetentarif",129.6,79.8,217.4
2015,7,"7","Kreis 7",2,"02","Einelternfamilientarif",69.55,40.9,116.1
2015,8,"8","Kreis 8",0,"00","Grundtarif",55,24.1,92
2015,8,"8","Kreis 8",1,"01","Verheiratetentarif",125.8,77.2,211.25
2015,8,"8","Kreis 8",2,"02","Einelternfamilientarif",59.8,38.4,102.6
2015,9,"9","Kreis 9",0,"00","Grundtarif",41.5,20.6,62
2015,9,"9","Kreis 9",1,"01","Verheiratetentarif",71,46.4,101.7
2015,9,"9","Kreis 9",2,"02","Einelternfamilientarif",40.35,20.2,62.9
2015,10,"10","Kreis 10",0,"00","Grundtarif",46.8,23,70.8
2015,10,"10","Kreis 10",1,"01","Verheiratetentarif",89.85,59.3,137.4
2015,10,"10","Kreis 10",2,"02","Einelternfamilientarif",51.9,30.1,78.3
2015,11,"11","Kreis 11",0,"00","Grundtarif",40.4,18.7,62.6
2015,11,"11","Kreis 11",1,"01","Verheiratetentarif",73.7,47.3,108.4
2015,11,"11","Kreis 11",2,"02","Einelternfamilientarif",38.8,18.1,61.9
2015,12,"12","Kreis 12",0,"00","Grundtarif",32.7,14.7,50.9
2015,12,"12","Kreis 12",1,"01","Verheiratetentarif",58.7,36.8,83.5
2015,12,"12","Kreis 12",2,"02","Einelternfamilientarif",29.3,9.4,47.3
2016,1,"1","Kreis 1",0,"00","Grundtarif",46.7,16.8,85.2
2016,1,"1","Kreis 1",1,"01","Verheiratetentarif",121.3,70,201.1
2016,1,"1","Kreis 1",2,"02","Einelternfamilientarif",64.1,30.2,99.5
2016,2,"2","Kreis 2",0,"00","Grundtarif",45.7,20.5,75.4
2016,2,"2","Kreis 2",1,"01","Verheiratetentarif",96.1,61.1,156.25
2016,2,"2","Kreis 2",2,"02","Einelternfamilientarif",49.57,28.2,78.7
2016,3,"3","Kreis 3",0,"00","Grundtarif",44.2,20.8,69.4
2016,3,"3","Kreis 3",1,"01","Verheiratetentarif",74,45.7,115.8
2016,3,"3","Kreis 3",2,"02","Einelternfamilientarif",43.5,25.1,68.2
2016,4,"4","Kreis 4",0,"00","Grundtarif",40,18.2,65.3
2016,4,"4","Kreis 4",1,"01","Verheiratetentarif",59.15,35,94.4
2016,4,"4","Kreis 4",2,"02","Einelternfamilientarif",37.9,17.1,63.4
2016,5,"5","Kreis 5",0,"00","Grundtarif",51.7,24.2,80.5
2016,5,"5","Kreis 5",1,"01","Verheiratetentarif",88.45,51.15,147.9
2016,5,"5","Kreis 5",2,"02","Einelternfamilientarif",54.9,31.9,85.9
2016,6,"6","Kreis 6",0,"00","Grundtarif",47.6,21.4,77
2016,6,"6","Kreis 6",1,"01","Verheiratetentarif",102.8,64,166.1
2016,6,"6","Kreis 6",2,"02","Einelternfamilientarif",56.45,35.1,90
2016,7,"7","Kreis 7",0,"00","Grundtarif",50.6,20.4,84.6
2016,7,"7","Kreis 7",1,"01","Verheiratetentarif",131.85,81.4,219.25
2016,7,"7","Kreis 7",2,"02","Einelternfamilientarif",70.6,43.8,120.6
2016,8,"8","Kreis 8",0,"00","Grundtarif",55.2,24,93.8
2016,8,"8","Kreis 8",1,"01","Verheiratetentarif",127.8,77,215.6
2016,8,"8","Kreis 8",2,"02","Einelternfamilientarif",64.1,38,109.3
2016,9,"9","Kreis 9",0,"00","Grundtarif",42,20.7,63
2016,9,"9","Kreis 9",1,"01","Verheiratetentarif",72,47.4,103.7
2016,9,"9","Kreis 9",2,"02","Einelternfamilientarif",42.6,23.05,66.65
2016,10,"10","Kreis 10",0,"00","Grundtarif",47.1,22.7,71.2
2016,10,"10","Kreis 10",1,"01","Verheiratetentarif",91,60.1,137.2
2016,10,"10","Kreis 10",2,"02","Einelternfamilientarif",54.15,31.4,81.7
2016,11,"11","Kreis 11",0,"00","Grundtarif",40.6,18.6,63.3
2016,11,"11","Kreis 11",1,"01","Verheiratetentarif",74.2,46.9,109.3
2016,11,"11","Kreis 11",2,"02","Einelternfamilientarif",40.3,20,63.4
2016,12,"12","Kreis 12",0,"00","Grundtarif",32.4,14.6,51.2
2016,12,"12","Kreis 12",1,"01","Verheiratetentarif",59.7,37.6,85.55
2016,12,"12","Kreis 12",2,"02","Einelternfamilientarif",31,10.8,49.7
2017,1,"1","Kreis 1",0,"00","Grundtarif",45.7,16.4,84.5
2017,1,"1","Kreis 1",1,"01","Verheiratetentarif",122.1,71.6,209.7
2017,1,"1","Kreis 1",2,"02","Einelternfamilientarif",65.25,37.8,109.95
2017,2,"2","Kreis 2",0,"00","Grundtarif",45.4,20,74.8
2017,2,"2","Kreis 2",1,"01","Verheiratetentarif",98.2,60.75,161.65
2017,2,"2","Kreis 2",2,"02","Einelternfamilientarif",50,28.1,81.1
2017,3,"3","Kreis 3",0,"00","Grundtarif",45,20.5,69.6
2017,3,"3","Kreis 3",1,"01","Verheiratetentarif",75.85,47.2,119.8
2017,3,"3","Kreis 3",2,"02","Einelternfamilientarif",43.8,25.3,68.5
2017,4,"4","Kreis 4",0,"00","Grundtarif",40.6,18,65.8
2017,4,"4","Kreis 4",1,"01","Verheiratetentarif",61.1,36.4,98.7
2017,4,"4","Kreis 4",2,"02","Einelternfamilientarif",38.7,18.55,61.65
2017,5,"5","Kreis 5",0,"00","Grundtarif",51.2,23.9,80
2017,5,"5","Kreis 5",1,"01","Verheiratetentarif",93.8,55.3,158
2017,5,"5","Kreis 5",2,"02","Einelternfamilientarif",53.55,29.4,85.3
2017,6,"6","Kreis 6",0,"00","Grundtarif",47.2,20.2,76.4
2017,6,"6","Kreis 6",1,"01","Verheiratetentarif",104,64.9,170.3
2017,6,"6","Kreis 6",2,"02","Einelternfamilientarif",56.3,36,88.6
2017,7,"7","Kreis 7",0,"00","Grundtarif",50.3,20.1,85.2
2017,7,"7","Kreis 7",1,"01","Verheiratetentarif",134.3,82.7,224.4
2017,7,"7","Kreis 7",2,"02","Einelternfamilientarif",72.05,43.45,122.35
2017,8,"8","Kreis 8",0,"00","Grundtarif",56,23.7,94.5
2017,8,"8","Kreis 8",1,"01","Verheiratetentarif",131,80.6,224.2
2017,8,"8","Kreis 8",2,"02","Einelternfamilientarif",65.8,38,111.4
2017,9,"9","Kreis 9",0,"00","Grundtarif",42.6,20.4,64
2017,9,"9","Kreis 9",1,"01","Verheiratetentarif",72.9,47.5,106.9
2017,9,"9","Kreis 9",2,"02","Einelternfamilientarif",44.6,24.1,67.3
2017,10,"10","Kreis 10",0,"00","Grundtarif",46.8,22.3,71
2017,10,"10","Kreis 10",1,"01","Verheiratetentarif",93.3,61.7,140.2
2017,10,"10","Kreis 10",2,"02","Einelternfamilientarif",54.35,33.85,81.7
2017,11,"11","Kreis 11",0,"00","Grundtarif",41.1,18.7,63.3
2017,11,"11","Kreis 11",1,"01","Verheiratetentarif",75,47.7,111.2
2017,11,"11","Kreis 11",2,"02","Einelternfamilientarif",40.7,20,65.2
2017,12,"12","Kreis 12",0,"00","Grundtarif",33,14.3,52.1
2017,12,"12","Kreis 12",1,"01","Verheiratetentarif",60.95,38.2,86.8
2017,12,"12","Kreis 12",2,"02","Einelternfamilientarif",30.3,12.55,50.25
2018,1,"1","Kreis 1",0,"00","Grundtarif",46,16.7,85.7
2018,1,"1","Kreis 1",1,"01","Verheiratetentarif",121.45,68,218.6
2018,1,"1","Kreis 1",2,"02","Einelternfamilientarif",59.8,30.3,102.1
2018,2,"2","Kreis 2",0,"00","Grundtarif",46.1,20.8,77.1
2018,2,"2","Kreis 2",1,"01","Verheiratetentarif",99.45,62.35,165
2018,2,"2","Kreis 2",2,"02","Einelternfamilientarif",52.7,28.9,84.3
2018,3,"3","Kreis 3",0,"00","Grundtarif",45.4,21.1,70.8
2018,3,"3","Kreis 3",1,"01","Verheiratetentarif",78,47.8,123.95
2018,3,"3","Kreis 3",2,"02","Einelternfamilientarif",46.25,27.2,73
2018,4,"4","Kreis 4",0,"00","Grundtarif",41.6,18.25,67.8
2018,4,"4","Kreis 4",1,"01","Verheiratetentarif",62.9,37.6,103.5
2018,4,"4","Kreis 4",2,"02","Einelternfamilientarif",40.3,21.2,62.1
2018,5,"5","Kreis 5",0,"00","Grundtarif",52.5,25.6,82.5
2018,5,"5","Kreis 5",1,"01","Verheiratetentarif",98.4,57.3,165.3
2018,5,"5","Kreis 5",2,"02","Einelternfamilientarif",56.5,33.2,87.2
2018,6,"6","Kreis 6",0,"00","Grundtarif",47.55,20.9,77.2
2018,6,"6","Kreis 6",1,"01","Verheiratetentarif",108.2,66.2,173.95
2018,6,"6","Kreis 6",2,"02","Einelternfamilientarif",59,36.6,91.2
2018,7,"7","Kreis 7",0,"00","Grundtarif",50.4,20.4,86
2018,7,"7","Kreis 7",1,"01","Verheiratetentarif",136.1,85.3,225
2018,7,"7","Kreis 7",2,"02","Einelternfamilientarif",73.9,46,122.5
2018,8,"8","Kreis 8",0,"00","Grundtarif",57.1,24.2,98.3
2018,8,"8","Kreis 8",1,"01","Verheiratetentarif",135.6,81.9,229.9
2018,8,"8","Kreis 8",2,"02","Einelternfamilientarif",70.3,42.4,116.2
2018,9,"9","Kreis 9",0,"00","Grundtarif",43.6,20.9,65.7
2018,9,"9","Kreis 9",1,"01","Verheiratetentarif",74.9,49.7,109.4
2018,9,"9","Kreis 9",2,"02","Einelternfamilientarif",45.9,25.4,69.4
2018,10,"10","Kreis 10",0,"00","Grundtarif",47.4,22.7,71.9
2018,10,"10","Kreis 10",1,"01","Verheiratetentarif",94.6,63.1,141.8
2018,10,"10","Kreis 10",2,"02","Einelternfamilientarif",57,33.6,83.9
2018,11,"11","Kreis 11",0,"00","Grundtarif",41.3,18.7,64.5
2018,11,"11","Kreis 11",1,"01","Verheiratetentarif",76.6,49.2,114
2018,11,"11","Kreis 11",2,"02","Einelternfamilientarif",42.35,20.2,67.2
2018,12,"12","Kreis 12",0,"00","Grundtarif",33.7,14.1,52.6
2018,12,"12","Kreis 12",1,"01","Verheiratetentarif",62.3,39.4,89.3
2018,12,"12","Kreis 12",2,"02","Einelternfamilientarif",33.3,14.65,50
2019,1,"1","Kreis 1",0,"00","Grundtarif",45.1,15.3,84.4
2019,1,"1","Kreis 1",1,"01","Verheiratetentarif",121.7,68.3,202.4
2019,1,"1","Kreis 1",2,"02","Einelternfamilientarif",61.9,31.2,100.1
2019,2,"2","Kreis 2",0,"00","Grundtarif",47.1,21.4,77.5
2019,2,"2","Kreis 2",1,"01","Verheiratetentarif",100.5,63,164.6
2019,2,"2","Kreis 2",2,"02","Einelternfamilientarif",54.9,31.1,85.4
2019,3,"3","Kreis 3",0,"00","Grundtarif",45.9,21.8,71.7
2019,3,"3","Kreis 3",1,"01","Verheiratetentarif",78.8,48.45,126.55
2019,3,"3","Kreis 3",2,"02","Einelternfamilientarif",48.3,28.2,76.2
2019,4,"4","Kreis 4",0,"00","Grundtarif",43.4,19.5,69.6
2019,4,"4","Kreis 4",1,"01","Verheiratetentarif",66.7,38.7,110.5
2019,4,"4","Kreis 4",2,"02","Einelternfamilientarif",43.1,23.55,67.9
2019,5,"5","Kreis 5",0,"00","Grundtarif",53.55,25.9,83.7
2019,5,"5","Kreis 5",1,"01","Verheiratetentarif",103.25,59.6,170.95
2019,5,"5","Kreis 5",2,"02","Einelternfamilientarif",56.9,34.1,91.4
2019,6,"6","Kreis 6",0,"00","Grundtarif",48.7,21.9,78
2019,6,"6","Kreis 6",1,"01","Verheiratetentarif",110,67.65,176.1
2019,6,"6","Kreis 6",2,"02","Einelternfamilientarif",60.9,37.5,94.2
2019,7,"7","Kreis 7",0,"00","Grundtarif",50.9,20.6,85.7
2019,7,"7","Kreis 7",1,"01","Verheiratetentarif",137.7,86.2,226.1
2019,7,"7","Kreis 7",2,"02","Einelternfamilientarif",77.4,48.3,124
2019,8,"8","Kreis 8",0,"00","Grundtarif",57,25,95.9
2019,8,"8","Kreis 8",1,"01","Verheiratetentarif",138.2,83.9,226.5
2019,8,"8","Kreis 8",2,"02","Einelternfamilientarif",73.4,46.3,125.1
2019,9,"9","Kreis 9",0,"00","Grundtarif",44.4,21.6,66.9
2019,9,"9","Kreis 9",1,"01","Verheiratetentarif",77,51.2,112.1
2019,9,"9","Kreis 9",2,"02","Einelternfamilientarif",47.55,27.8,72.5
2019,10,"10","Kreis 10",0,"00","Grundtarif",47.9,23,71.7
2019,10,"10","Kreis 10",1,"01","Verheiratetentarif",96.1,63.8,144.6
2019,10,"10","Kreis 10",2,"02","Einelternfamilientarif",57.2,34.3,85.6
2019,11,"11","Kreis 11",0,"00","Grundtarif",41.9,19.3,65.1
2019,11,"11","Kreis 11",1,"01","Verheiratetentarif",78,50.2,116.5
2019,11,"11","Kreis 11",2,"02","Einelternfamilientarif",43.5,22.4,68.6
2019,12,"12","Kreis 12",0,"00","Grundtarif",34.1,14.4,53
2019,12,"12","Kreis 12",1,"01","Verheiratetentarif",63.6,40.5,90.3
2019,12,"12","Kreis 12",2,"02","Einelternfamilientarif",33.4,15.9,52
2020,1,"1","Kreis 1",0,"00","Grundtarif",45,17.1,80
2020,1,"1","Kreis 1",1,"01","Verheiratetentarif",115.2,63.9,191
2020,1,"1","Kreis 1",2,"02","Einelternfamilientarif",60.85,30,97.9
2020,2,"2","Kreis 2",0,"00","Grundtarif",45.7,20.4,73.9
2020,2,"2","Kreis 2",1,"01","Verheiratetentarif",98.5,62.4,156.6
2020,2,"2","Kreis 2",2,"02","Einelternfamilientarif",54.3,32.3,85.2
2020,3,"3","Kreis 3",0,"00","Grundtarif",45,21.4,69.7
2020,3,"3","Kreis 3",1,"01","Verheiratetentarif",78.2,48.55,121.85
2020,3,"3","Kreis 3",2,"02","Einelternfamilientarif",47.25,28.5,75.3
2020,4,"4","Kreis 4",0,"00","Grundtarif",43.1,19.7,67.9
2020,4,"4","Kreis 4",1,"01","Verheiratetentarif",65.3,38,105.9
2020,4,"4","Kreis 4",2,"02","Einelternfamilientarif",44.2,24,70.6
2020,5,"5","Kreis 5",0,"00","Grundtarif",52.1,25.8,80
2020,5,"5","Kreis 5",1,"01","Verheiratetentarif",100,58.5,165.5
2020,5,"5","Kreis 5",2,"02","Einelternfamilientarif",55,32.6,90.3
2020,6,"6","Kreis 6",0,"00","Grundtarif",48.2,21.4,75.4
2020,6,"6","Kreis 6",1,"01","Verheiratetentarif",108.1,67.7,174.8
2020,6,"6","Kreis 6",2,"02","Einelternfamilientarif",59.55,36.6,94.6
2020,7,"7","Kreis 7",0,"00","Grundtarif",50.3,20.4,83.2
2020,7,"7","Kreis 7",1,"01","Verheiratetentarif",135.7,85,219.2
2020,7,"7","Kreis 7",2,"02","Einelternfamilientarif",75.6,46,120.5
2020,8,"8","Kreis 8",0,"00","Grundtarif",54.1,24.2,89.5
2020,8,"8","Kreis 8",1,"01","Verheiratetentarif",128.4,80,209.95
2020,8,"8","Kreis 8",2,"02","Einelternfamilientarif",71.05,45,116.3
2020,9,"9","Kreis 9",0,"00","Grundtarif",43.9,21.7,65.6
2020,9,"9","Kreis 9",1,"01","Verheiratetentarif",76.6,51.1,110.5
2020,9,"9","Kreis 9",2,"02","Einelternfamilientarif",47.9,27.2,71.2
2020,10,"10","Kreis 10",0,"00","Grundtarif",47.4,23.4,71.3
2020,10,"10","Kreis 10",1,"01","Verheiratetentarif",94.7,63.6,143.8
2020,10,"10","Kreis 10",2,"02","Einelternfamilientarif",58.7,35.8,84.5
2020,11,"11","Kreis 11",0,"00","Grundtarif",40.9,18.8,63.6
2020,11,"11","Kreis 11",1,"01","Verheiratetentarif",77.7,49.8,113.6
2020,11,"11","Kreis 11",2,"02","Einelternfamilientarif",44.6,23.5,68.9
2020,12,"12","Kreis 12",0,"00","Grundtarif",33.9,14.7,52.9
2020,12,"12","Kreis 12",1,"01","Verheiratetentarif",64.2,41.2,89.3
2020,12,"12","Kreis 12",2,"02","Einelternfamilientarif",34.5,15.6,52.4
